Keyword                               , Search volume, Comp
liquidate inventory                   ,           480,     
liquidating inventory                 ,           390,    2
sell inventory                        ,           260,    2
sell excess inventory                 ,           210,    2
selling excess inventory              ,           170,     
excess inventory buyer                ,           140,    2
sell overstock inventory              ,           140,    2
buyers of excess inventory            ,           140,     
inventory liquidation buyers          ,           110,    2
excess inventory liquidation          ,           110,    2
sell overstock                        ,           110,    2
how to liquidate inventory            ,            70,    2
liquidation buyer                     ,            70,    2
liquidation excess inventory          ,            70,     
inventory liquidation services        ,            50,    1
sell excess inventory clothing        ,            50,    1
sell obsolete inventory               ,            50,    1
sell dead stock                       ,            50,    1
where to sell bulk clothing           ,            50,    1
liquidation companies Florida         ,            50,    1
warehouse liquidation services        ,            50,    1
we buy excess inventory               ,            50,    2
bulk inventory buyers                 ,            50,    2
liquidate clothing inventory          ,            50,    2
amazon inventory liquidation          ,            50,    2
health and beauty liquidation         ,            50,    3
closeout buyers New York              ,            50,     
excess liquidation                    ,            40,    1
inventory buyers                      ,            40,    2
companies that buy overstock inventory,            40,    3
sell surplus inventory                ,            40,    3
companies that buy excess inventory   ,            40,    3
sell my inventory                     ,            30,    2
liquidate my inventory                ,            30,    3
how to sell excess inventory          ,            30,    3
how to sell overstock inventory       ,            30,    3
surplus inventory liquidation         ,            10,    2
closeout buyers for manufacturers     ,              ,     
sell closeout clothing                ,              ,     
sell excess electronics inventory     ,              ,     
home goods liquidation buyers         ,              ,     
toy closeout buyers                   ,              ,     
sell short dated food inventory       ,              ,     
tax write off vs liquidation          ,              ,     
inventory monetization strategies     ,              ,     
aging inventory solutions             ,              ,     
retail store closing companies        ,              ,     
clothing liquidation buyers           ,              ,     
sell surplus apparel                  ,              ,     
bulk fashion inventory buyers         ,              ,     
sell boutique inventory fast          ,              ,     
companies that buy excess clothing    ,              ,     
sell branded clothing closeouts       ,              ,     
sell deadstock clothing               ,              ,     
closeout apparel buyers USA           ,              ,     
sell wholesale clothing lots          ,              ,     
who buys clothing overstock           ,              ,     
offload past season fashion           ,              ,     
sell luxury apparel overstock         ,              ,     
sell designer deadstock               ,              ,     
menswear closeout buyers              ,              ,     
childrenâ€™s clothing liquidation       ,              ,     
sell shelf-pull clothing inventory    ,              ,     
footwear and apparel closeouts        ,              ,     
we buy clothing closeouts             ,              ,     
liquidation buyers USA                ,              ,     
liquidation buyers Chicago IL         ,              ,     
excess inventory buyers Dallas TX     ,              ,     
closeout buyers Atlanta GA            ,              ,     
liquidation buyers Los Angeles        ,              ,     
Inland Empire inventory buyers        ,              ,     
liquidation buyers Seattle WA         ,              ,     
inventory liquidators Phoenix AZ      ,              ,     
liquidation buyers New Jersey         ,              ,     
bulk inventory buyers Philadelphia    ,              ,     
closeout buyers Baltimore MD          ,              ,     
excess stock buyers Indianapolis      ,              ,     
liquidation companies Columbus OH     ,              ,     
inventory buyers St. Louis MO         ,              ,     
liquidation buyers Kansas City        ,              ,     
closeout buyers Charlotte NC          ,              ,     
inventory liquidators Memphis TN      ,              ,     
liquidation buyers Miami FL           ,              ,     
excess stock buyers Savannah GA       ,              ,     
liquidation buyers Nashville TN       ,              ,     
liquidation buyers Houston TX         ,              ,     
inventory buyers Detroit MI           ,              ,     
closeout buyers Salt Lake City        ,              ,     
liquidation buyers Denver CO          ,              ,     
inventory buyers Louisville KY        ,              ,     
liquidation buyers California         ,              ,     
inventory buyers Texas                ,              ,     
inventory liquidators Ohio            ,              ,     
liquidation buyers Pennsylvania       ,              ,     
3PL inventory buyers California       ,              ,     
warehouse liquidation Dallas          ,              ,     
bulk buyers for 3PL providers         ,              ,     
liquidation buyers Orlando FL         ,              ,     
inventory buyers San Antonio TX       ,              ,     
liquidation buyers Portland OR        ,              ,     
closeout buyers Minneapolis           ,              ,     
inventory liquidators Cincinnati      ,              ,     
liquidation buyers Las Vegas          ,              ,     
3pl excess inventory buyers           ,              ,     
3pl warehouse liquidation             ,              ,     
abandoned inventory buyers            ,              ,     
fulfillment center closeouts          ,              ,     
sell 3pl inventory                    ,              ,     
third party logistics inventory buyers,              ,     
sell amazon fba inventory             ,              ,     
fba excess inventory buyers           ,              ,     
amazon removal order buyers           ,              ,     
sell amazon returns bulk              ,              ,     